Time	stationReference	region	ngr	stationName	parameter	qualifier	units	value	
2014-02-12T00:00:00Z	2421TH	Thames	SU72016526	RIVER LODDON AT SHEEPBRIDGE FLUME	Water Level	Height	mASD	0.820	
2014-02-12T00:00:00Z	2421TH	Thames	SU72016526	RIVER LODDON AT SHEEPBRIDGE FLUME	Water Level	Stage	mASD	1.220	
2014-02-12T00:00:00Z	3570	Midland	SK05864800	Cauldon Low RAIN	Rainfall	Tipping Bucket Raingauge	mm	0.0	
2014-02-12T00:00:00Z	E27452	Anglian		GRIMSBY GREAT COATES BRIDGE GS	Water Level	Stage	m	2.953	
2014-02-12T00:00:00Z	E27454	Anglian		GRIMSBY GREAT COATES BRIDGE GS	Water Level	Downstream Stage	m	2.240	
2014-02-12T00:15:00Z	2421TH	Thames	SU72016526	RIVER LODDON AT SHEEPBRIDGE FLUME	Water Level	Height	mASD	0.819	
2014-02-12T00:15:00Z	2421TH	Thames	SU72016526	RIVER LODDON AT SHEEPBRIDGE FLUME	Water Level	Stage	mASD	1.221	
2014-02-12T00:15:00Z	E27452	Anglian		GRIMSBY GREAT COATES BRIDGE GS	Water Level	Stage	m	2.950	
2014-02-12T00:15:00Z	E27454	Anglian		GRIMSBY GREAT COATES BRIDGE GS	Water Level	Downstream Stage	m	2.240	
2014-02-12T00:30:00Z	2421TH	Thames	SU72016526	RIVER LODDON AT SHEEPBRIDGE FLUME	Water Level	Height	mASD	0.820	
2014-02-12T00:30:00Z	2421TH	Thames	SU72016526	RIVER LODDON AT SHEEPBRIDGE FLUME	Water Level	Stage	mASD	1.222	
2014-02-12T00:30:00Z	E27452	Anglian		GRIMSBY GREAT COATES BRIDGE GS	Water Level	Stage	m	2.947	
2014-02-12T00:30:00Z	E27454	Anglian		GRIMSBY GREAT COATES BRIDGE GS	Water Level	Downstream Stage	m	2.240	
2014-02-12T00:45:00Z	2421TH	Thames	SU72016526	RIVER LODDON AT SHEEPBRIDGE FLUME	Water Level	Height	mASD	0.819	
2014-02-12T00:45:00Z	2421TH	Thames	SU72016526	RIVER LODDON AT SHEEPBRIDGE FLUME	Water Level	Stage	mASD	1.223	
2014-02-12T00:45:00Z	E27452	Anglian		GRIMSBY GREAT COATES BRIDGE GS	Water Level	Stage	m	2.943	
2014-02-12T00:45:00Z	E27454	Anglian		GRIMSBY GREAT COATES BRIDGE GS	Water Level	Downstream Stage	m	2.240	
2014-02-12T01:00:00Z	2421TH	Thames	SU72016526	RIVER LODDON AT SHEEPBRIDGE FLUME	Water Level	Height	mASD	0.819	
2014-02-12T01:00:00Z	2421TH	Thames	SU72016526	RIVER LODDON AT SHEEPBRIDGE FLUME	Water Level	Stage	mASD	1.223	
2014-02-12T01:00:00Z	3570	Midland	SK05864800	Cauldon Low RAIN	Rainfall	Tipping Bucket Raingauge	mm	0.0	
2014-02-12T01:00:00Z	E27452	Anglian		GRIMSBY GREAT COATES BRIDGE GS	Water Level	Stage	m	2.938	
2014-02-12T01:00:00Z	E27454	Anglian		GRIMSBY GREAT COATES BRIDGE GS	Water Level	Downstream Stage	m	2.240	
2014-02-12T01:15:00Z	2421TH	Thames	SU72016526	RIVER LODDON AT SHEEPBRIDGE FLUME	Water Level	Height	mASD	0.819	
2014-02-12T01:15:00Z	2421TH	Thames	SU72016526	RIVER LODDON AT SHEEPBRIDGE FLUME	Water Level	Stage	mASD	1.225	
2014-02-12T01:15:00Z	E27452	Anglian		GRIMSBY GREAT COATES BRIDGE GS	Water Level	Stage	m	2.936	
2014-02-12T01:15:00Z	E27454	Anglian		GRIMSBY GREAT COATES BRIDGE GS	Water Level	Downstream Stage	m	2.240	
2014-02-12T01:30:00Z	2421TH	Thames	SU72016526	RIVER LODDON AT SHEEPBRIDGE FLUME	Water Level	Height	mASD	0.818	
2014-02-12T01:30:00Z	2421TH	Thames	SU72016526	RIVER LODDON AT SHEEPBRIDGE FLUME	Water Level	Stage	mASD	1.225	
2014-02-12T01:30:00Z	E27452	Anglian		GRIMSBY GREAT COATES BRIDGE GS	Water Level	Stage	m	2.933	
2014-02-12T01:30:00Z	E27454	Anglian		GRIMSBY GREAT COATES BRIDGE GS	Water Level	Downstream Stage	m	2.240	
2014-02-12T01:45:00Z	2421TH	Thames	SU72016526	RIVER LODDON AT SHEEPBRIDGE FLUME	Water Level	Height	mASD	0.819	
2014-02-12T01:45:00Z	2421TH	Thames	SU72016526	RIVER LODDON AT SHEEPBRIDGE FLUME	Water Level	Stage	mASD	1.225	
2014-02-12T01:45:00Z	E27452	Anglian		GRIMSBY GREAT COATES BRIDGE GS	Water Level	Stage	m	2.929	
2014-02-12T01:45:00Z	E27454	Anglian		GRIMSBY GREAT COATES BRIDGE GS	Water Level	Downstream Stage	m	2.240	
2014-02-12T02:00:00Z	2421TH	Thames	SU72016526	RIVER LODDON AT SHEEPBRIDGE FLUME	Water Level	Height	mASD	0.820	
2014-02-12T02:00:00Z	2421TH	Thames	SU72016526	RIVER LODDON AT SHEEPBRIDGE FLUME	Water Level	Stage	mASD	1.226	
2014-02-12T02:00:00Z	3570	Midland	SK05864800	Cauldon Low RAIN	Rainfall	Tipping Bucket Raingauge	mm	0.0	
2014-02-12T02:00:00Z	E27452	Anglian		GRIMSBY GREAT COATES BRIDGE GS	Water Level	Stage	m	2.927	
2014-02-12T02:00:00Z	E27454	Anglian		GRIMSBY GREAT COATES BRIDGE GS	Water Level	Downstream Stage	m	2.240	
2014-02-12T02:15:00Z	2421TH	Thames	SU72016526	RIVER LODDON AT SHEEPBRIDGE FLUME	Water Level	Height	mASD	0.820	
2014-02-12T02:15:00Z	2421TH	Thames	SU72016526	RIVER LODDON AT SHEEPBRIDGE FLUME	Water Level	Stage	mASD	1.226	
2014-02-12T02:15:00Z	E27452	Anglian		GRIMSBY GREAT COATES BRIDGE GS	Water Level	Stage	m	2.923	
2014-02-12T02:15:00Z	E27454	Anglian		GRIMSBY GREAT COATES BRIDGE GS	Water Level	Downstream Stage	m	2.240	
2014-02-12T02:30:00Z	2421TH	Thames	SU72016526	RIVER LODDON AT SHEEPBRIDGE FLUME	Water Level	Height	mASD	0.820	
2014-02-12T02:30:00Z	2421TH	Thames	SU72016526	RIVER LODDON AT SHEEPBRIDGE FLUME	Water Level	Stage	mASD	1.225	
2014-02-12T02:30:00Z	E27452	Anglian		GRIMSBY GREAT COATES BRIDGE GS	Water Level	Stage	m	2.919	
2014-02-12T02:30:00Z	E27454	Anglian		GRIMSBY GREAT COATES BRIDGE GS	Water Level	Downstream Stage	m	2.240	
2014-02-12T02:45:00Z	2421TH	Thames	SU72016526	RIVER LODDON AT SHEEPBRIDGE FLUME	Water Level	Height	mASD	0.820	
2014-02-12T02:45:00Z	2421TH	Thames	SU72016526	RIVER LODDON AT SHEEPBRIDGE FLUME	Water Level	Stage	mASD	1.227	
2014-02-12T02:45:00Z	E27452	Anglian		GRIMSBY GREAT COATES BRIDGE GS	Water Level	Stage	m	2.915	
2014-02-12T02:45:00Z	E27454	Anglian		GRIMSBY GREAT COATES BRIDGE GS	Water Level	Downstream Stage	m	2.240	
2014-02-12T03:00:00Z	2421TH	Thames	SU72016526	RIVER LODDON AT SHEEPBRIDGE FLUME	Water Level	Height	mASD	0.820	
2014-02-12T03:00:00Z	2421TH	Thames	SU72016526	RIVER LODDON AT SHEEPBRIDGE FLUME	Water Level	Stage	mASD	1.225	
2014-02-12T03:00:00Z	3570	Midland	SK05864800	Cauldon Low RAIN	Rainfall	Tipping Bucket Raingauge	mm	0.0	
2014-02-12T03:00:00Z	E27452	Anglian		GRIMSBY GREAT COATES BRIDGE GS	Water Level	Stage	m	2.913	
2014-02-12T03:00:00Z	E27454	Anglian		GRIMSBY GREAT COATES BRIDGE GS	Water Level	Downstream Stage	m	2.240	
2014-02-12T03:15:00Z	2421TH	Thames	SU72016526	RIVER LODDON AT SHEEPBRIDGE FLUME	Water Level	Height	mASD	0.820	
2014-02-12T03:15:00Z	2421TH	Thames	SU72016526	RIVER LODDON AT SHEEPBRIDGE FLUME	Water Level	Stage	mASD	1.226	
2014-02-12T03:15:00Z	E27452	Anglian		GRIMSBY GREAT COATES BRIDGE GS	Water Level	Stage	m	2.909	
2014-02-12T03:15:00Z	E27454	Anglian		GRIMSBY GREAT COATES BRIDGE GS	Water Level	Downstream Stage	m	2.240	
2014-02-12T03:30:00Z	2421TH	Thames	SU72016526	RIVER LODDON AT SHEEPBRIDGE FLUME	Water Level	Height	mASD	0.820	
2014-02-12T03:30:00Z	2421TH	Thames	SU72016526	RIVER LODDON AT SHEEPBRIDGE FLUME	Water Level	Stage	mASD	1.225	
2014-02-12T03:30:00Z	E27452	Anglian		GRIMSBY GREAT COATES BRIDGE GS	Water Level	Stage	m	2.904	
2014-02-12T03:30:00Z	E27454	Anglian		GRIMSBY GREAT COATES BRIDGE GS	Water Level	Downstream Stage	m	2.240	
2014-02-12T03:45:00Z	2421TH	Thames	SU72016526	RIVER LODDON AT SHEEPBRIDGE FLUME	Water Level	Height	mASD	0.819	
2014-02-12T03:45:00Z	2421TH	Thames	SU72016526	RIVER LODDON AT SHEEPBRIDGE FLUME	Water Level	Stage	mASD	1.225	
2014-02-12T03:45:00Z	E27452	Anglian		GRIMSBY GREAT COATES BRIDGE GS	Water Level	Stage	m	2.902	
2014-02-12T03:45:00Z	E27454	Anglian		GRIMSBY GREAT COATES BRIDGE GS	Water Level	Downstream Stage	m	2.240	
2014-02-12T04:00:00Z	2421TH	Thames	SU72016526	RIVER LODDON AT SHEEPBRIDGE FLUME	Water Level	Height	mASD	0.820	
2014-02-12T04:00:00Z	2421TH	Thames	SU72016526	RIVER LODDON AT SHEEPBRIDGE FLUME	Water Level	Stage	mASD	1.225	
2014-02-12T04:00:00Z	3570	Midland	SK05864800	Cauldon Low RAIN	Rainfall	Tipping Bucket Raingauge	mm	0.0	
2014-02-12T04:00:00Z	E27452	Anglian		GRIMSBY GREAT COATES BRIDGE GS	Water Level	Stage	m	2.899	
2014-02-12T04:00:00Z	E27454	Anglian		GRIMSBY GREAT COATES BRIDGE GS	Water Level	Downstream Stage	m	2.240	
2014-02-12T04:15:00Z	2421TH	Thames	SU72016526	RIVER LODDON AT SHEEPBRIDGE FLUME	Water Level	Height	mASD	0.820	
2014-02-12T04:15:00Z	2421TH	Thames	SU72016526	RIVER LODDON AT SHEEPBRIDGE FLUME	Water Level	Stage	mASD	1.225	
2014-02-12T04:15:00Z	E27452	Anglian		GRIMSBY GREAT COATES BRIDGE GS	Water Level	Stage	m	2.896	
2014-02-12T04:15:00Z	E27454	Anglian		GRIMSBY GREAT COATES BRIDGE GS	Water Level	Downstream Stage	m	2.240	
2014-02-12T04:30:00Z	2421TH	Thames	SU72016526	RIVER LODDON AT SHEEPBRIDGE FLUME	Water Level	Height	mASD	0.820	
2014-02-12T04:30:00Z	2421TH	Thames	SU72016526	RIVER LODDON AT SHEEPBRIDGE FLUME	Water Level	Stage	mASD	1.225	
2014-02-12T04:30:00Z	E27452	Anglian		GRIMSBY GREAT COATES BRIDGE GS	Water Level	Stage	m	2.891	
2014-02-12T04:30:00Z	E27454	Anglian		GRIMSBY GREAT COATES BRIDGE GS	Water Level	Downstream Stage	m	2.240	
2014-02-12T04:45:00Z	2421TH	Thames	SU72016526	RIVER LODDON AT SHEEPBRIDGE FLUME	Water Level	Height	mASD	0.820	
2014-02-12T04:45:00Z	2421TH	Thames	SU72016526	RIVER LODDON AT SHEEPBRIDGE FLUME	Water Level	Stage	mASD	1.224	
2014-02-12T04:45:00Z	E27452	Anglian		GRIMSBY GREAT COATES BRIDGE GS	Water Level	Stage	m	2.888	
2014-02-12T04:45:00Z	E27454	Anglian		GRIMSBY GREAT COATES BRIDGE GS	Water Level	Downstream Stage	m	2.240	
2014-02-12T05:00:00Z	2421TH	Thames	SU72016526	RIVER LODDON AT SHEEPBRIDGE FLUME	Water Level	Height	mASD	0.820	
2014-02-12T05:00:00Z	2421TH	Thames	SU72016526	RIVER LODDON AT SHEEPBRIDGE FLUME	Water Level	Stage	mASD	1.224	
2014-02-12T05:00:00Z	3570	Midland	SK05864800	Cauldon Low RAIN	Rainfall	Tipping Bucket Raingauge	mm	0.0	
2014-02-12T05:00:00Z	E27452	Anglian		GRIMSBY GREAT COATES BRIDGE GS	Water Level	Stage	m	2.885	
2014-02-12T05:00:00Z	E27454	Anglian		GRIMSBY GREAT COATES BRIDGE GS	Water Level	Downstream Stage	m	2.240	
2014-02-12T05:15:00Z	2421TH	Thames	SU72016526	RIVER LODDON AT SHEEPBRIDGE FLUME	Water Level	Height	mASD	0.820	
2014-02-12T05:15:00Z	2421TH	Thames	SU72016526	RIVER LODDON AT SHEEPBRIDGE FLUME	Water Level	Stage	mASD	1.224	
2014-02-12T05:15:00Z	E27452	Anglian		GRIMSBY GREAT COATES BRIDGE GS	Water Level	Stage	m	2.883	
2014-02-12T05:15:00Z	E27454	Anglian		GRIMSBY GREAT COATES BRIDGE GS	Water Level	Downstream Stage	m	2.240	
2014-02-12T05:30:00Z	2421TH	Thames	SU72016526	RIVER LODDON AT SHEEPBRIDGE FLUME	Water Level	Height	mASD	0.819	
2014-02-12T05:30:00Z	2421TH	Thames	SU72016526	RIVER LODDON AT SHEEPBRIDGE FLUME	Water Level	Stage	mASD	1.224	
2014-02-12T05:30:00Z	E27452	Anglian		GRIMSBY GREAT COATES BRIDGE GS	Water Level	Stage	m	2.879	
2014-02-12T05:30:00Z	E27454	Anglian		GRIMSBY GREAT COATES BRIDGE GS	Water Level	Downstream Stage	m	2.240	
2014-02-12T05:45:00Z	2421TH	Thames	SU72016526	RIVER LODDON AT SHEEPBRIDGE FLUME	Water Level	Height	mASD	0.819	
2014-02-12T05:45:00Z	2421TH	Thames	SU72016526	RIVER LODDON AT SHEEPBRIDGE FLUME	Water Level	Stage	mASD	1.222	
2014-02-12T05:45:00Z	E27452	Anglian		GRIMSBY GREAT COATES BRIDGE GS	Water Level	Stage	m	2.877	
2014-02-12T05:45:00Z	E27454	Anglian		GRIMSBY GREAT COATES BRIDGE GS	Water Level	Downstream Stage	m	2.240	
2014-02-12T06:00:00Z	2421TH	Thames	SU72016526	RIVER LODDON AT SHEEPBRIDGE FLUME	Water Level	Height	mASD	0.819	
2014-02-12T06:00:00Z	2421TH	Thames	SU72016526	RIVER LODDON AT SHEEPBRIDGE FLUME	Water Level	Stage	mASD	1.222	
2014-02-12T06:00:00Z	3570	Midland	SK05864800	Cauldon Low RAIN	Rainfall	Tipping Bucket Raingauge	mm	0.0	
2014-02-12T06:00:00Z	E27452	Anglian		GRIMSBY GREAT COATES BRIDGE GS	Water Level	Stage	m	2.875	
2014-02-12T06:00:00Z	E27454	Anglian		GRIMSBY GREAT COATES BRIDGE GS	Water Level	Downstream Stage	m	2.240	
2014-02-12T06:15:00Z	2421TH	Thames	SU72016526	RIVER LODDON AT SHEEPBRIDGE FLUME	Water Level	Height	mASD	0.819	
2014-02-12T06:15:00Z	2421TH	Thames	SU72016526	RIVER LODDON AT SHEEPBRIDGE FLUME	Water Level	Stage	mASD	1.221	
2014-02-12T06:15:00Z	E27452	Anglian		GRIMSBY GREAT COATES BRIDGE GS	Water Level	Stage	m	2.872	
2014-02-12T06:15:00Z	E27454	Anglian		GRIMSBY GREAT COATES BRIDGE GS	Water Level	Downstream Stage	m	2.240	
2014-02-12T06:30:00Z	2421TH	Thames	SU72016526	RIVER LODDON AT SHEEPBRIDGE FLUME	Water Level	Height	mASD	0.819	
2014-02-12T06:30:00Z	2421TH	Thames	SU72016526	RIVER LODDON AT SHEEPBRIDGE FLUME	Water Level	Stage	mASD	1.220	
2014-02-12T06:30:00Z	E27452	Anglian		GRIMSBY GREAT COATES BRIDGE GS	Water Level	Stage	m	2.871	
2014-02-12T06:30:00Z	E27454	Anglian		GRIMSBY GREAT COATES BRIDGE GS	Water Level	Downstream Stage	m	2.240	
2014-02-12T06:45:00Z	2421TH	Thames	SU72016526	RIVER LODDON AT SHEEPBRIDGE FLUME	Water Level	Height	mASD	0.819	
2014-02-12T06:45:00Z	2421TH	Thames	SU72016526	RIVER LODDON AT SHEEPBRIDGE FLUME	Water Level	Stage	mASD	1.219	
2014-02-12T06:45:00Z	E27452	Anglian		GRIMSBY GREAT COATES BRIDGE GS	Water Level	Stage	m	2.868	
2014-02-12T06:45:00Z	E27454	Anglian		GRIMSBY GREAT COATES BRIDGE GS	Water Level	Downstream Stage	m	2.240	
2014-02-12T07:00:00Z	2421TH	Thames	SU72016526	RIVER LODDON AT SHEEPBRIDGE FLUME	Water Level	Height	mASD	0.819	
2014-02-12T07:00:00Z	2421TH	Thames	SU72016526	RIVER LODDON AT SHEEPBRIDGE FLUME	Water Level	Stage	mASD	1.219	
2014-02-12T07:00:00Z	3570	Midland	SK05864800	Cauldon Low RAIN	Rainfall	Tipping Bucket Raingauge	mm	0.0	
2014-02-12T07:00:00Z	E27452	Anglian		GRIMSBY GREAT COATES BRIDGE GS	Water Level	Stage	m	2.865	
2014-02-12T07:00:00Z	E27454	Anglian		GRIMSBY GREAT COATES BRIDGE GS	Water Level	Downstream Stage	m	2.240	
2014-02-12T07:15:00Z	2421TH	Thames	SU72016526	RIVER LODDON AT SHEEPBRIDGE FLUME	Water Level	Height	mASD	0.819	
2014-02-12T07:15:00Z	2421TH	Thames	SU72016526	RIVER LODDON AT SHEEPBRIDGE FLUME	Water Level	Stage	mASD	1.218	
2014-02-12T07:15:00Z	E27452	Anglian		GRIMSBY GREAT COATES BRIDGE GS	Water Level	Stage	m	2.863	
2014-02-12T07:15:00Z	E27454	Anglian		GRIMSBY GREAT COATES BRIDGE GS	Water Level	Downstream Stage	m	2.240	
2014-02-12T07:30:00Z	2421TH	Thames	SU72016526	RIVER LODDON AT SHEEPBRIDGE FLUME	Water Level	Height	mASD	0.819	
2014-02-12T07:30:00Z	2421TH	Thames	SU72016526	RIVER LODDON AT SHEEPBRIDGE FLUME	Water Level	Stage	mASD	1.217	
2014-02-12T07:30:00Z	E27452	Anglian		GRIMSBY GREAT COATES BRIDGE GS	Water Level	Stage	m	2.861	
2014-02-12T07:30:00Z	E27454	Anglian		GRIMSBY GREAT COATES BRIDGE GS	Water Level	Downstream Stage	m	2.240	
2014-02-12T07:45:00Z	2421TH	Thames	SU72016526	RIVER LODDON AT SHEEPBRIDGE FLUME	Water Level	Height	mASD	0.819	
2014-02-12T07:45:00Z	2421TH	Thames	SU72016526	RIVER LODDON AT SHEEPBRIDGE FLUME	Water Level	Stage	mASD	1.216	
2014-02-12T07:45:00Z	E27452	Anglian		GRIMSBY GREAT COATES BRIDGE GS	Water Level	Stage	m	2.858	
2014-02-12T07:45:00Z	E27454	Anglian		GRIMSBY GREAT COATES BRIDGE GS	Water Level	Downstream Stage	m	2.240	
2014-02-12T08:00:00Z	2421TH	Thames	SU72016526	RIVER LODDON AT SHEEPBRIDGE FLUME	Water Level	Height	mASD	0.819	
2014-02-12T08:00:00Z	2421TH	Thames	SU72016526	RIVER LODDON AT SHEEPBRIDGE FLUME	Water Level	Stage	mASD	1.216	
2014-02-12T08:00:00Z	3570	Midland	SK05864800	Cauldon Low RAIN	Rainfall	Tipping Bucket Raingauge	mm	0.0	
2014-02-12T08:00:00Z	E27452	Anglian		GRIMSBY GREAT COATES BRIDGE GS	Water Level	Stage	m	2.855	
2014-02-12T08:00:00Z	E27454	Anglian		GRIMSBY GREAT COATES BRIDGE GS	Water Level	Downstream Stage	m	2.240	
2014-02-12T08:15:00Z	2421TH	Thames	SU72016526	RIVER LODDON AT SHEEPBRIDGE FLUME	Water Level	Height	mASD	0.820	
2014-02-12T08:15:00Z	2421TH	Thames	SU72016526	RIVER LODDON AT SHEEPBRIDGE FLUME	Water Level	Stage	mASD	1.214	
2014-02-12T08:15:00Z	E27452	Anglian		GRIMSBY GREAT COATES BRIDGE GS	Water Level	Stage	m	2.855	
2014-02-12T08:15:00Z	E27454	Anglian		GRIMSBY GREAT COATES BRIDGE GS	Water Level	Downstream Stage	m	2.240	
2014-02-12T08:30:00Z	2421TH	Thames	SU72016526	RIVER LODDON AT SHEEPBRIDGE FLUME	Water Level	Height	mASD	0.819	
2014-02-12T08:30:00Z	2421TH	Thames	SU72016526	RIVER LODDON AT SHEEPBRIDGE FLUME	Water Level	Stage	mASD	1.213	
2014-02-12T08:30:00Z	E27452	Anglian		GRIMSBY GREAT COATES BRIDGE GS	Water Level	Stage	m	2.852	
2014-02-12T08:30:00Z	E27454	Anglian		GRIMSBY GREAT COATES BRIDGE GS	Water Level	Downstream Stage	m	2.240	
2014-02-12T08:45:00Z	2421TH	Thames	SU72016526	RIVER LODDON AT SHEEPBRIDGE FLUME	Water Level	Height	mASD	0.819	
2014-02-12T08:45:00Z	2421TH	Thames	SU72016526	RIVER LODDON AT SHEEPBRIDGE FLUME	Water Level	Stage	mASD	1.211	
2014-02-12T08:45:00Z	E27452	Anglian		GRIMSBY GREAT COATES BRIDGE GS	Water Level	Stage	m	2.851	
2014-02-12T08:45:00Z	E27454	Anglian		GRIMSBY GREAT COATES BRIDGE GS	Water Level	Downstream Stage	m	2.240	
2014-02-12T09:00:00Z	2421TH	Thames	SU72016526	RIVER LODDON AT SHEEPBRIDGE FLUME	Water Level	Height	mASD	0.819	
2014-02-12T09:00:00Z	2421TH	Thames	SU72016526	RIVER LODDON AT SHEEPBRIDGE FLUME	Water Level	Stage	mASD	1.211	
2014-02-12T09:00:00Z	3570	Midland	SK05864800	Cauldon Low RAIN	Rainfall	Tipping Bucket Raingauge	mm	0.0	
2014-02-12T09:00:00Z	E27452	Anglian		GRIMSBY GREAT COATES BRIDGE GS	Water Level	Stage	m	2.849	
2014-02-12T09:00:00Z	E27454	Anglian		GRIMSBY GREAT COATES BRIDGE GS	Water Level	Downstream Stage	m	2.240	
2014-02-12T09:15:00Z	2421TH	Thames	SU72016526	RIVER LODDON AT SHEEPBRIDGE FLUME	Water Level	Height	mASD	0.819	
2014-02-12T09:15:00Z	2421TH	Thames	SU72016526	RIVER LODDON AT SHEEPBRIDGE FLUME	Water Level	Stage	mASD	1.209	
2014-02-12T09:15:00Z	E27452	Anglian		GRIMSBY GREAT COATES BRIDGE GS	Water Level	Stage	m	2.847	
2014-02-12T09:15:00Z	E27454	Anglian		GRIMSBY GREAT COATES BRIDGE GS	Water Level	Downstream Stage	m	2.240	
2014-02-12T09:30:00Z	2421TH	Thames	SU72016526	RIVER LODDON AT SHEEPBRIDGE FLUME	Water Level	Height	mASD	0.819	
2014-02-12T09:30:00Z	2421TH	Thames	SU72016526	RIVER LODDON AT SHEEPBRIDGE FLUME	Water Level	Stage	mASD	1.208	
2014-02-12T09:30:00Z	E27452	Anglian		GRIMSBY GREAT COATES BRIDGE GS	Water Level	Stage	m	2.846	
2014-02-12T09:30:00Z	E27454	Anglian		GRIMSBY GREAT COATES BRIDGE GS	Water Level	Downstream Stage	m	2.240	
2014-02-12T09:45:00Z	2421TH	Thames	SU72016526	RIVER LODDON AT SHEEPBRIDGE FLUME	Water Level	Height	mASD	0.819	
2014-02-12T09:45:00Z	2421TH	Thames	SU72016526	RIVER LODDON AT SHEEPBRIDGE FLUME	Water Level	Stage	mASD	1.207	
2014-02-12T09:45:00Z	E27452	Anglian		GRIMSBY GREAT COATES BRIDGE GS	Water Level	Stage	m	2.843	
2014-02-12T09:45:00Z	E27454	Anglian		GRIMSBY GREAT COATES BRIDGE GS	Water Level	Downstream Stage	m	2.240	
2014-02-12T10:00:00Z	2421TH	Thames	SU72016526	RIVER LODDON AT SHEEPBRIDGE FLUME	Water Level	Height	mASD	0.820	
2014-02-12T10:00:00Z	2421TH	Thames	SU72016526	RIVER LODDON AT SHEEPBRIDGE FLUME	Water Level	Stage	mASD	1.205	
2014-02-12T10:00:00Z	3570	Midland	SK05864800	Cauldon Low RAIN	Rainfall	Tipping Bucket Raingauge	mm	0.2	
2014-02-12T10:00:00Z	E27452	Anglian		GRIMSBY GREAT COATES BRIDGE GS	Water Level	Stage	m	2.843	
2014-02-12T10:00:00Z	E27454	Anglian		GRIMSBY GREAT COATES BRIDGE GS	Water Level	Downstream Stage	m	2.240	
2014-02-12T10:15:00Z	2421TH	Thames	SU72016526	RIVER LODDON AT SHEEPBRIDGE FLUME	Water Level	Height	mASD	0.819	
2014-02-12T10:15:00Z	2421TH	Thames	SU72016526	RIVER LODDON AT SHEEPBRIDGE FLUME	Water Level	Stage	mASD	1.204	
2014-02-12T10:15:00Z	E27452	Anglian		GRIMSBY GREAT COATES BRIDGE GS	Water Level	Stage	m	2.841	
2014-02-12T10:15:00Z	E27454	Anglian		GRIMSBY GREAT COATES BRIDGE GS	Water Level	Downstream Stage	m	2.240	
2014-02-12T10:30:00Z	2421TH	Thames	SU72016526	RIVER LODDON AT SHEEPBRIDGE FLUME	Water Level	Height	mASD	0.820	
2014-02-12T10:30:00Z	2421TH	Thames	SU72016526	RIVER LODDON AT SHEEPBRIDGE FLUME	Water Level	Stage	mASD	1.202	
2014-02-12T10:30:00Z	E27452	Anglian		GRIMSBY GREAT COATES BRIDGE GS	Water Level	Stage	m	2.838	
2014-02-12T10:30:00Z	E27454	Anglian		GRIMSBY GREAT COATES BRIDGE GS	Water Level	Downstream Stage	m	2.240	
2014-02-12T10:45:00Z	2421TH	Thames	SU72016526	RIVER LODDON AT SHEEPBRIDGE FLUME	Water Level	Height	mASD	0.819	
2014-02-12T10:45:00Z	2421TH	Thames	SU72016526	RIVER LODDON AT SHEEPBRIDGE FLUME	Water Level	Stage	mASD	1.201	
2014-02-12T10:45:00Z	E27452	Anglian		GRIMSBY GREAT COATES BRIDGE GS	Water Level	Stage	m	2.836	
2014-02-12T10:45:00Z	E27454	Anglian		GRIMSBY GREAT COATES BRIDGE GS	Water Level	Downstream Stage	m	2.240	
2014-02-12T11:00:00Z	2421TH	Thames	SU72016526	RIVER LODDON AT SHEEPBRIDGE FLUME	Water Level	Height	mASD	0.820	
2014-02-12T11:00:00Z	2421TH	Thames	SU72016526	RIVER LODDON AT SHEEPBRIDGE FLUME	Water Level	Stage	mASD	1.201	
2014-02-12T11:00:00Z	3570	Midland	SK05864800	Cauldon Low RAIN	Rainfall	Tipping Bucket Raingauge	mm	0.2	
2014-02-12T11:00:00Z	E27452	Anglian		GRIMSBY GREAT COATES BRIDGE GS	Water Level	Stage	m	2.835	
2014-02-12T11:00:00Z	E27454	Anglian		GRIMSBY GREAT COATES BRIDGE GS	Water Level	Downstream Stage	m	2.240	
2014-02-12T11:15:00Z	2421TH	Thames	SU72016526	RIVER LODDON AT SHEEPBRIDGE FLUME	Water Level	Height	mASD	0.820	
2014-02-12T11:15:00Z	2421TH	Thames	SU72016526	RIVER LODDON AT SHEEPBRIDGE FLUME	Water Level	Stage	mASD	1.200	
2014-02-12T11:15:00Z	E27452	Anglian		GRIMSBY GREAT COATES BRIDGE GS	Water Level	Stage	m	2.835	
2014-02-12T11:15:00Z	E27454	Anglian		GRIMSBY GREAT COATES BRIDGE GS	Water Level	Downstream Stage	m	2.240	
2014-02-12T11:30:00Z	2421TH	Thames	SU72016526	RIVER LODDON AT SHEEPBRIDGE FLUME	Water Level	Height	mASD	0.819	
2014-02-12T11:30:00Z	2421TH	Thames	SU72016526	RIVER LODDON AT SHEEPBRIDGE FLUME	Water Level	Stage	mASD	1.197	
2014-02-12T11:30:00Z	E27452	Anglian		GRIMSBY GREAT COATES BRIDGE GS	Water Level	Stage	m	2.833	
2014-02-12T11:30:00Z	E27454	Anglian		GRIMSBY GREAT COATES BRIDGE GS	Water Level	Downstream Stage	m	2.240	
2014-02-12T11:45:00Z	2421TH	Thames	SU72016526	RIVER LODDON AT SHEEPBRIDGE FLUME	Water Level	Height	mASD	0.820	
2014-02-12T11:45:00Z	2421TH	Thames	SU72016526	RIVER LODDON AT SHEEPBRIDGE FLUME	Water Level	Stage	mASD	1.196	
2014-02-12T11:45:00Z	E27452	Anglian		GRIMSBY GREAT COATES BRIDGE GS	Water Level	Stage	m	2.832	
2014-02-12T11:45:00Z	E27454	Anglian		GRIMSBY GREAT COATES BRIDGE GS	Water Level	Downstream Stage	m	2.240	
2014-02-12T12:00:00Z	2421TH	Thames	SU72016526	RIVER LODDON AT SHEEPBRIDGE FLUME	Water Level	Height	mASD	0.820	
2014-02-12T12:00:00Z	2421TH	Thames	SU72016526	RIVER LODDON AT SHEEPBRIDGE FLUME	Water Level	Stage	mASD	1.195	
2014-02-12T12:00:00Z	3570	Midland	SK05864800	Cauldon Low RAIN	Rainfall	Tipping Bucket Raingauge	mm	0.8	
2014-02-12T12:00:00Z	E27452	Anglian		GRIMSBY GREAT COATES BRIDGE GS	Water Level	Stage	m	2.829	
2014-02-12T12:00:00Z	E27454	Anglian		GRIMSBY GREAT COATES BRIDGE GS	Water Level	Downstream Stage	m	2.240	
2014-02-12T12:15:00Z	2421TH	Thames	SU72016526	RIVER LODDON AT SHEEPBRIDGE FLUME	Water Level	Height	mASD	0.820	
2014-02-12T12:15:00Z	2421TH	Thames	SU72016526	RIVER LODDON AT SHEEPBRIDGE FLUME	Water Level	Stage	mASD	1.194	
2014-02-12T12:15:00Z	E27452	Anglian		GRIMSBY GREAT COATES BRIDGE GS	Water Level	Stage	m	2.829	
2014-02-12T12:15:00Z	E27454	Anglian		GRIMSBY GREAT COATES BRIDGE GS	Water Level	Downstream Stage	m	2.240	
2014-02-12T12:30:00Z	2421TH	Thames	SU72016526	RIVER LODDON AT SHEEPBRIDGE FLUME	Water Level	Height	mASD	0.820	
2014-02-12T12:30:00Z	2421TH	Thames	SU72016526	RIVER LODDON AT SHEEPBRIDGE FLUME	Water Level	Stage	mASD	1.192	
2014-02-12T12:30:00Z	E27452	Anglian		GRIMSBY GREAT COATES BRIDGE GS	Water Level	Stage	m	2.826	
2014-02-12T12:30:00Z	E27454	Anglian		GRIMSBY GREAT COATES BRIDGE GS	Water Level	Downstream Stage	m	2.240	
2014-02-12T12:45:00Z	2421TH	Thames	SU72016526	RIVER LODDON AT SHEEPBRIDGE FLUME	Water Level	Height	mASD	0.820	
2014-02-12T12:45:00Z	2421TH	Thames	SU72016526	RIVER LODDON AT SHEEPBRIDGE FLUME	Water Level	Stage	mASD	1.191	
2014-02-12T12:45:00Z	E27452	Anglian		GRIMSBY GREAT COATES BRIDGE GS	Water Level	Stage	m	2.827	
2014-02-12T12:45:00Z	E27454	Anglian		GRIMSBY GREAT COATES BRIDGE GS	Water Level	Downstream Stage	m	2.240	
2014-02-12T13:00:00Z	2421TH	Thames	SU72016526	RIVER LODDON AT SHEEPBRIDGE FLUME	Water Level	Height	mASD	0.821	
2014-02-12T13:00:00Z	2421TH	Thames	SU72016526	RIVER LODDON AT SHEEPBRIDGE FLUME	Water Level	Stage	mASD	1.192	
2014-02-12T13:00:00Z	3570	Midland	SK05864800	Cauldon Low RAIN	Rainfall	Tipping Bucket Raingauge	mm	1.6	
2014-02-12T13:00:00Z	E27452	Anglian		GRIMSBY GREAT COATES BRIDGE GS	Water Level	Stage	m	2.824	
2014-02-12T13:00:00Z	E27454	Anglian		GRIMSBY GREAT COATES BRIDGE GS	Water Level	Downstream Stage	m	2.240	
2014-02-12T13:15:00Z	2421TH	Thames	SU72016526	RIVER LODDON AT SHEEPBRIDGE FLUME	Water Level	Height	mASD	0.821	
2014-02-12T13:15:00Z	2421TH	Thames	SU72016526	RIVER LODDON AT SHEEPBRIDGE FLUME	Water Level	Stage	mASD	1.192	
2014-02-12T13:15:00Z	E27452	Anglian		GRIMSBY GREAT COATES BRIDGE GS	Water Level	Stage	m	2.823	
2014-02-12T13:15:00Z	E27454	Anglian		GRIMSBY GREAT COATES BRIDGE GS	Water Level	Downstream Stage	m	2.240	
2014-02-12T13:30:00Z	2421TH	Thames	SU72016526	RIVER LODDON AT SHEEPBRIDGE FLUME	Water Level	Height	mASD	0.820	
2014-02-12T13:30:00Z	2421TH	Thames	SU72016526	RIVER LODDON AT SHEEPBRIDGE FLUME	Water Level	Stage	mASD	1.192	
2014-02-12T13:30:00Z	E27452	Anglian		GRIMSBY GREAT COATES BRIDGE GS	Water Level	Stage	m	2.822	
2014-02-12T13:30:00Z	E27454	Anglian		GRIMSBY GREAT COATES BRIDGE GS	Water Level	Downstream Stage	m	2.240	
2014-02-12T13:45:00Z	2421TH	Thames	SU72016526	RIVER LODDON AT SHEEPBRIDGE FLUME	Water Level	Height	mASD	0.821	
2014-02-12T13:45:00Z	2421TH	Thames	SU72016526	RIVER LODDON AT SHEEPBRIDGE FLUME	Water Level	Stage	mASD	1.193	
2014-02-12T13:45:00Z	E27452	Anglian		GRIMSBY GREAT COATES BRIDGE GS	Water Level	Stage	m	2.828	
2014-02-12T13:45:00Z	E27454	Anglian		GRIMSBY GREAT COATES BRIDGE GS	Water Level	Downstream Stage	m	2.240	
2014-02-12T14:00:00Z	2421TH	Thames	SU72016526	RIVER LODDON AT SHEEPBRIDGE FLUME	Water Level	Height	mASD	0.821	
2014-02-12T14:00:00Z	2421TH	Thames	SU72016526	RIVER LODDON AT SHEEPBRIDGE FLUME	Water Level	Stage	mASD	1.193	
2014-02-12T14:00:00Z	3570	Midland	SK05864800	Cauldon Low RAIN	Rainfall	Tipping Bucket Raingauge	mm	2.2	
2014-02-12T14:00:00Z	E27452	Anglian		GRIMSBY GREAT COATES BRIDGE GS	Water Level	Stage	m	2.826	
2014-02-12T14:00:00Z	E27454	Anglian		GRIMSBY GREAT COATES BRIDGE GS	Water Level	Downstream Stage	m	2.240	
2014-02-12T14:15:00Z	2421TH	Thames	SU72016526	RIVER LODDON AT SHEEPBRIDGE FLUME	Water Level	Height	mASD	0.821	
2014-02-12T14:15:00Z	2421TH	Thames	SU72016526	RIVER LODDON AT SHEEPBRIDGE FLUME	Water Level	Stage	mASD	1.194	
2014-02-12T14:15:00Z	E27452	Anglian		GRIMSBY GREAT COATES BRIDGE GS	Water Level	Stage	m	2.825	
2014-02-12T14:15:00Z	E27454	Anglian		GRIMSBY GREAT COATES BRIDGE GS	Water Level	Downstream Stage	m	2.240	
2014-02-12T14:30:00Z	2421TH	Thames	SU72016526	RIVER LODDON AT SHEEPBRIDGE FLUME	Water Level	Height	mASD	0.821	
2014-02-12T14:30:00Z	2421TH	Thames	SU72016526	RIVER LODDON AT SHEEPBRIDGE FLUME	Water Level	Stage	mASD	1.196	
2014-02-12T14:30:00Z	E27452	Anglian		GRIMSBY GREAT COATES BRIDGE GS	Water Level	Stage	m	2.822	
2014-02-12T14:30:00Z	E27454	Anglian		GRIMSBY GREAT COATES BRIDGE GS	Water Level	Downstream Stage	m	2.240	
2014-02-12T14:45:00Z	2421TH	Thames	SU72016526	RIVER LODDON AT SHEEPBRIDGE FLUME	Water Level	Height	mASD	0.821	
2014-02-12T14:45:00Z	2421TH	Thames	SU72016526	RIVER LODDON AT SHEEPBRIDGE FLUME	Water Level	Stage	mASD	1.196	
2014-02-12T14:45:00Z	E27452	Anglian		GRIMSBY GREAT COATES BRIDGE GS	Water Level	Stage	m	2.823	
2014-02-12T14:45:00Z	E27454	Anglian		GRIMSBY GREAT COATES BRIDGE GS	Water Level	Downstream Stage	m	2.240	
2014-02-12T15:00:00Z	2421TH	Thames	SU72016526	RIVER LODDON AT SHEEPBRIDGE FLUME	Water Level	Height	mASD	0.821	
2014-02-12T15:00:00Z	2421TH	Thames	SU72016526	RIVER LODDON AT SHEEPBRIDGE FLUME	Water Level	Stage	mASD	1.197	
2014-02-12T15:00:00Z	3570	Midland	SK05864800	Cauldon Low RAIN	Rainfall	Tipping Bucket Raingauge	mm	1.2	
2014-02-12T15:00:00Z	E27452	Anglian		GRIMSBY GREAT COATES BRIDGE GS	Water Level	Stage	m	2.819	
2014-02-12T15:00:00Z	E27454	Anglian		GRIMSBY GREAT COATES BRIDGE GS	Water Level	Downstream Stage	m	2.240	
2014-02-12T15:15:00Z	2421TH	Thames	SU72016526	RIVER LODDON AT SHEEPBRIDGE FLUME	Water Level	Height	mASD	0.821	
2014-02-12T15:15:00Z	2421TH	Thames	SU72016526	RIVER LODDON AT SHEEPBRIDGE FLUME	Water Level	Stage	mASD	1.198	
2014-02-12T15:15:00Z	E27452	Anglian		GRIMSBY GREAT COATES BRIDGE GS	Water Level	Stage	m	2.823	
2014-02-12T15:15:00Z	E27454	Anglian		GRIMSBY GREAT COATES BRIDGE GS	Water Level	Downstream Stage	m	2.240	
2014-02-12T15:30:00Z	2421TH	Thames	SU72016526	RIVER LODDON AT SHEEPBRIDGE FLUME	Water Level	Height	mASD	0.821	
2014-02-12T15:30:00Z	2421TH	Thames	SU72016526	RIVER LODDON AT SHEEPBRIDGE FLUME	Water Level	Stage	mASD	1.200	
2014-02-12T15:30:00Z	E27452	Anglian		GRIMSBY GREAT COATES BRIDGE GS	Water Level	Stage	m	2.818	
2014-02-12T15:30:00Z	E27454	Anglian		GRIMSBY GREAT COATES BRIDGE GS	Water Level	Downstream Stage	m	2.240	
2014-02-12T15:45:00Z	2421TH	Thames	SU72016526	RIVER LODDON AT SHEEPBRIDGE FLUME	Water Level	Height	mASD	0.821	
2014-02-12T15:45:00Z	2421TH	Thames	SU72016526	RIVER LODDON AT SHEEPBRIDGE FLUME	Water Level	Stage	mASD	1.203	
2014-02-12T15:45:00Z	E27452	Anglian		GRIMSBY GREAT COATES BRIDGE GS	Water Level	Stage	m	2.818	
2014-02-12T15:45:00Z	E27454	Anglian		GRIMSBY GREAT COATES BRIDGE GS	Water Level	Downstream Stage	m	2.240	
2014-02-12T16:00:00Z	2421TH	Thames	SU72016526	RIVER LODDON AT SHEEPBRIDGE FLUME	Water Level	Height	mASD	0.822	
2014-02-12T16:00:00Z	2421TH	Thames	SU72016526	RIVER LODDON AT SHEEPBRIDGE FLUME	Water Level	Stage	mASD	1.205	
2014-02-12T16:00:00Z	3570	Midland	SK05864800	Cauldon Low RAIN	Rainfall	Tipping Bucket Raingauge	mm	0.0	
2014-02-12T16:00:00Z	E27452	Anglian		GRIMSBY GREAT COATES BRIDGE GS	Water Level	Stage	m	2.825	
2014-02-12T16:00:00Z	E27454	Anglian		GRIMSBY GREAT COATES BRIDGE GS	Water Level	Downstream Stage	m	2.240	
2014-02-12T16:15:00Z	067014	North West	SJ0695543312	Corwen	Water Level	Stage	m	1.515	
2014-02-12T16:15:00Z	067014_TG 120	EA Wales	SJ0690843324	Corwen No2 LVL	Water Level	Stage	m	1.515	
2014-02-12T16:15:00Z	2421TH	Thames	SU72016526	RIVER LODDON AT SHEEPBRIDGE FLUME	Water Level	Height	mASD	0.822	
2014-02-12T16:15:00Z	2421TH	Thames	SU72016526	RIVER LODDON AT SHEEPBRIDGE FLUME	Water Level	Stage	mASD	1.208	
2014-02-12T16:15:00Z	E27452	Anglian		GRIMSBY GREAT COATES BRIDGE GS	Water Level	Stage	m	2.822	
2014-02-12T16:15:00Z	E27454	Anglian		GRIMSBY GREAT COATES BRIDGE GS	Water Level	Downstream Stage	m	2.240	
2014-02-12T16:30:00Z	067014	North West	SJ0695543312	Corwen	Water Level	Stage	m	1.519	
2014-02-12T16:30:00Z	067014_TG 120	EA Wales	SJ0690843324	Corwen No2 LVL	Water Level	Stage	m	1.519	
2014-02-12T16:30:00Z	2421TH	Thames	SU72016526	RIVER LODDON AT SHEEPBRIDGE FLUME	Water Level	Height	mASD	0.822	
2014-02-12T16:30:00Z	2421TH	Thames	SU72016526	RIVER LODDON AT SHEEPBRIDGE FLUME	Water Level	Stage	mASD	1.212	
2014-02-12T16:30:00Z	E27452	Anglian		GRIMSBY GREAT COATES BRIDGE GS	Water Level	Stage	m	2.829	
2014-02-12T16:30:00Z	E27454	Anglian		GRIMSBY GREAT COATES BRIDGE GS	Water Level	Downstream Stage	m	2.240	
2014-02-12T16:45:00Z	067014	North West	SJ0695543312	Corwen	Water Level	Stage	m	1.521	
2014-02-12T16:45:00Z	067014_TG 120	EA Wales	SJ0690843324	Corwen No2 LVL	Water Level	Stage	m	1.521	
2014-02-12T16:45:00Z	2421TH	Thames	SU72016526	RIVER LODDON AT SHEEPBRIDGE FLUME	Water Level	Height	mASD	0.822	
2014-02-12T16:45:00Z	2421TH	Thames	SU72016526	RIVER LODDON AT SHEEPBRIDGE FLUME	Water Level	Stage	mASD	1.215	
2014-02-12T16:45:00Z	E27452	Anglian		GRIMSBY GREAT COATES BRIDGE GS	Water Level	Stage	m	2.829	
2014-02-12T16:45:00Z	E27454	Anglian		GRIMSBY GREAT COATES BRIDGE GS	Water Level	Downstream Stage	m	2.240	
2014-02-12T17:00:00Z	067014	North West	SJ0695543312	Corwen	Water Level	Stage	m	1.538	
2014-02-12T17:00:00Z	067014_TG 120	EA Wales	SJ0690843324	Corwen No2 LVL	Water Level	Stage	m	1.538	
2014-02-12T17:00:00Z	2421TH	Thames	SU72016526	RIVER LODDON AT SHEEPBRIDGE FLUME	Water Level	Height	mASD	0.822	
2014-02-12T17:00:00Z	2421TH	Thames	SU72016526	RIVER LODDON AT SHEEPBRIDGE FLUME	Water Level	Stage	mASD	1.220	
2014-02-12T17:00:00Z	3570	Midland	SK05864800	Cauldon Low RAIN	Rainfall	Tipping Bucket Raingauge	mm	0.0	
2014-02-12T17:00:00Z	E27452	Anglian		GRIMSBY GREAT COATES BRIDGE GS	Water Level	Stage	m	2.833	
2014-02-12T17:00:00Z	E27454	Anglian		GRIMSBY GREAT COATES BRIDGE GS	Water Level	Downstream Stage	m	2.240	
2014-02-12T17:15:00Z	067014	North West	SJ0695543312	Corwen	Water Level	Stage	m	1.520	
2014-02-12T17:15:00Z	067014_TG 120	EA Wales	SJ0690843324	Corwen No2 LVL	Water Level	Stage	m	1.520	
2014-02-12T17:15:00Z	2421TH	Thames	SU72016526	RIVER LODDON AT SHEEPBRIDGE FLUME	Water Level	Height	mASD	0.822	
2014-02-12T17:15:00Z	2421TH	Thames	SU72016526	RIVER LODDON AT SHEEPBRIDGE FLUME	Water Level	Stage	mASD	1.225	
2014-02-12T17:15:00Z	E27452	Anglian		GRIMSBY GREAT COATES BRIDGE GS	Water Level	Stage	m	2.828	
2014-02-12T17:15:00Z	E27454	Anglian		GRIMSBY GREAT COATES BRIDGE GS	Water Level	Downstream Stage	m	2.240	
2014-02-12T17:30:00Z	067014	North West	SJ0695543312	Corwen	Water Level	Stage	m	1.534	
2014-02-12T17:30:00Z	067014_TG 120	EA Wales	SJ0690843324	Corwen No2 LVL	Water Level	Stage	m	1.534	
2014-02-12T17:30:00Z	2421TH	Thames	SU72016526	RIVER LODDON AT SHEEPBRIDGE FLUME	Water Level	Height	mASD	0.821	
2014-02-12T17:30:00Z	2421TH	Thames	SU72016526	RIVER LODDON AT SHEEPBRIDGE FLUME	Water Level	Stage	mASD	1.231	
2014-02-12T17:30:00Z	E27452	Anglian		GRIMSBY GREAT COATES BRIDGE GS	Water Level	Stage	m	2.830	
2014-02-12T17:30:00Z	E27454	Anglian		GRIMSBY GREAT COATES BRIDGE GS	Water Level	Downstream Stage	m	2.240	
2014-02-12T17:45:00Z	067014	North West	SJ0695543312	Corwen	Water Level	Stage	m	1.538	
2014-02-12T17:45:00Z	067014_TG 120	EA Wales	SJ0690843324	Corwen No2 LVL	Water Level	Stage	m	1.538	
2014-02-12T17:45:00Z	2421TH	Thames	SU72016526	RIVER LODDON AT SHEEPBRIDGE FLUME	Water Level	Height	mASD	0.820	
2014-02-12T17:45:00Z	2421TH	Thames	SU72016526	RIVER LODDON AT SHEEPBRIDGE FLUME	Water Level	Stage	mASD	1.236	
2014-02-12T17:45:00Z	E27452	Anglian		GRIMSBY GREAT COATES BRIDGE GS	Water Level	Stage	m	2.827	
2014-02-12T17:45:00Z	E27454	Anglian		GRIMSBY GREAT COATES BRIDGE GS	Water Level	Downstream Stage	m	2.240	
2014-02-12T18:00:00Z	067014	North West	SJ0695543312	Corwen	Water Level	Stage	m	1.549	
2014-02-12T18:00:00Z	067014_TG 120	EA Wales	SJ0690843324	Corwen No2 LVL	Water Level	Stage	m	1.549	
2014-02-12T18:00:00Z	2421TH	Thames	SU72016526	RIVER LODDON AT SHEEPBRIDGE FLUME	Water Level	Height	mASD	0.819	
2014-02-12T18:00:00Z	2421TH	Thames	SU72016526	RIVER LODDON AT SHEEPBRIDGE FLUME	Water Level	Stage	mASD	1.242	
2014-02-12T18:00:00Z	3570	Midland	SK05864800	Cauldon Low RAIN	Rainfall	Tipping Bucket Raingauge	mm	0.0	
2014-02-12T18:00:00Z	E27452	Anglian		GRIMSBY GREAT COATES BRIDGE GS	Water Level	Stage	m	2.830	
2014-02-12T18:00:00Z	E27454	Anglian		GRIMSBY GREAT COATES BRIDGE GS	Water Level	Downstream Stage	m	2.240	
2014-02-12T18:15:00Z	067014	North West	SJ0695543312	Corwen	Water Level	Stage	m	1.570	
2014-02-12T18:15:00Z	067014_TG 120	EA Wales	SJ0690843324	Corwen No2 LVL	Water Level	Stage	m	1.570	
2014-02-12T18:15:00Z	2421TH	Thames	SU72016526	RIVER LODDON AT SHEEPBRIDGE FLUME	Water Level	Height	mASD	0.820	
2014-02-12T18:15:00Z	2421TH	Thames	SU72016526	RIVER LODDON AT SHEEPBRIDGE FLUME	Water Level	Stage	mASD	1.249	
2014-02-12T18:15:00Z	E27452	Anglian		GRIMSBY GREAT COATES BRIDGE GS	Water Level	Stage	m	2.831	
2014-02-12T18:15:00Z	E27454	Anglian		GRIMSBY GREAT COATES BRIDGE GS	Water Level	Downstream Stage	m	2.240	
2014-02-12T18:30:00Z	067014	North West	SJ0695543312	Corwen	Water Level	Stage	m	1.573	
2014-02-12T18:30:00Z	067014_TG 120	EA Wales	SJ0690843324	Corwen No2 LVL	Water Level	Stage	m	1.573	
2014-02-12T18:30:00Z	2421TH	Thames	SU72016526	RIVER LODDON AT SHEEPBRIDGE FLUME	Water Level	Height	mASD	0.820	
2014-02-12T18:30:00Z	2421TH	Thames	SU72016526	RIVER LODDON AT SHEEPBRIDGE FLUME	Water Level	Stage	mASD	1.255	
2014-02-12T18:30:00Z	E27452	Anglian		GRIMSBY GREAT COATES BRIDGE GS	Water Level	Stage	m	2.830	
2014-02-12T18:30:00Z	E27454	Anglian		GRIMSBY GREAT COATES BRIDGE GS	Water Level	Downstream Stage	m	2.240	
2014-02-12T18:45:00Z	067014	North West	SJ0695543312	Corwen	Water Level	Stage	m	1.588	
2014-02-12T18:45:00Z	067014_TG 120	EA Wales	SJ0690843324	Corwen No2 LVL	Water Level	Stage	m	1.588	
2014-02-12T18:45:00Z	2421TH	Thames	SU72016526	RIVER LODDON AT SHEEPBRIDGE FLUME	Water Level	Height	mASD	0.820	
2014-02-12T18:45:00Z	2421TH	Thames	SU72016526	RIVER LODDON AT SHEEPBRIDGE FLUME	Water Level	Stage	mASD	1.262	
2014-02-12T18:45:00Z	E27452	Anglian		GRIMSBY GREAT COATES BRIDGE GS	Water Level	Stage	m	2.825	
2014-02-12T18:45:00Z	E27454	Anglian		GRIMSBY GREAT COATES BRIDGE GS	Water Level	Downstream Stage	m	2.240	
2014-02-12T19:00:00Z	067014	North West	SJ0695543312	Corwen	Water Level	Stage	m	1.612	
2014-02-12T19:00:00Z	067014_TG 120	EA Wales	SJ0690843324	Corwen No2 LVL	Water Level	Stage	m	1.612	
2014-02-12T19:00:00Z	2421TH	Thames	SU72016526	RIVER LODDON AT SHEEPBRIDGE FLUME	Water Level	Height	mASD	0.820	
2014-02-12T19:00:00Z	2421TH	Thames	SU72016526	RIVER LODDON AT SHEEPBRIDGE FLUME	Water Level	Stage	mASD	1.266	
2014-02-12T19:00:00Z	3570	Midland	SK05864800	Cauldon Low RAIN	Rainfall	Tipping Bucket Raingauge	mm	0.0	
2014-02-12T19:00:00Z	3774	Midland	SE74930980	Dirtness Ps RAIN	Rainfall	Tipping Bucket Raingauge	mm	0.0	
2014-02-12T19:00:00Z	E27452	Anglian		GRIMSBY GREAT COATES BRIDGE GS	Water Level	Stage	m	2.823	
2014-02-12T19:00:00Z	E27454	Anglian		GRIMSBY GREAT COATES BRIDGE GS	Water Level	Downstream Stage	m	2.240	
2014-02-12T19:15:00Z	067014	North West	SJ0695543312	Corwen	Water Level	Stage	m	1.628	
2014-02-12T19:15:00Z	067014_TG 120	EA Wales	SJ0690843324	Corwen No2 LVL	Water Level	Stage	m	1.628	
2014-02-12T19:15:00Z	2421TH	Thames	SU72016526	RIVER LODDON AT SHEEPBRIDGE FLUME	Water Level	Height	mASD	0.819	
2014-02-12T19:15:00Z	2421TH	Thames	SU72016526	RIVER LODDON AT SHEEPBRIDGE FLUME	Water Level	Stage	mASD	1.272	
2014-02-12T19:15:00Z	E27452	Anglian		GRIMSBY GREAT COATES BRIDGE GS	Water Level	Stage	m	2.826	
2014-02-12T19:15:00Z	E27454	Anglian		GRIMSBY GREAT COATES BRIDGE GS	Water Level	Downstream Stage	m	2.240	
2014-02-12T19:30:00Z	067014	North West	SJ0695543312	Corwen	Water Level	Stage	m	1.624	
2014-02-12T19:30:00Z	067014_TG 120	EA Wales	SJ0690843324	Corwen No2 LVL	Water Level	Stage	m	1.624	
2014-02-12T19:30:00Z	2421TH	Thames	SU72016526	RIVER LODDON AT SHEEPBRIDGE FLUME	Water Level	Height	mASD	0.819	
2014-02-12T19:30:00Z	2421TH	Thames	SU72016526	RIVER LODDON AT SHEEPBRIDGE FLUME	Water Level	Stage	mASD	1.277	
2014-02-12T19:30:00Z	E27452	Anglian		GRIMSBY GREAT COATES BRIDGE GS	Water Level	Stage	m	2.823	
2014-02-12T19:30:00Z	E27454	Anglian		GRIMSBY GREAT COATES BRIDGE GS	Water Level	Downstream Stage	m	2.240	
2014-02-12T19:45:00Z	067014	North West	SJ0695543312	Corwen	Water Level	Stage	m	1.641	
2014-02-12T19:45:00Z	067014_TG 120	EA Wales	SJ0690843324	Corwen No2 LVL	Water Level	Stage	m	1.641	
2014-02-12T19:45:00Z	2421TH	Thames	SU72016526	RIVER LODDON AT SHEEPBRIDGE FLUME	Water Level	Height	mASD	0.818	
2014-02-12T19:45:00Z	2421TH	Thames	SU72016526	RIVER LODDON AT SHEEPBRIDGE FLUME	Water Level	Stage	mASD	1.281	
2014-02-12T19:45:00Z	E27452	Anglian		GRIMSBY GREAT COATES BRIDGE GS	Water Level	Stage	m	2.825	
2014-02-12T19:45:00Z	E27454	Anglian		GRIMSBY GREAT COATES BRIDGE GS	Water Level	Downstream Stage	m	2.240	
2014-02-12T20:00:00Z	067014	North West	SJ0695543312	Corwen	Water Level	Stage	m	1.640	
2014-02-12T20:00:00Z	067014_TG 120	EA Wales	SJ0690843324	Corwen No2 LVL	Water Level	Stage	m	1.640	
2014-02-12T20:00:00Z	2421TH	Thames	SU72016526	RIVER LODDON AT SHEEPBRIDGE FLUME	Water Level	Height	mASD	0.819	
2014-02-12T20:00:00Z	2421TH	Thames	SU72016526	RIVER LODDON AT SHEEPBRIDGE FLUME	Water Level	Stage	mASD	1.287	
2014-02-12T20:00:00Z	3570	Midland	SK05864800	Cauldon Low RAIN	Rainfall	Tipping Bucket Raingauge	mm	0.0	
2014-02-12T20:00:00Z	3774	Midland	SE74930980	Dirtness Ps RAIN	Rainfall	Tipping Bucket Raingauge	mm	0.0	
2014-02-12T20:00:00Z	E27452	Anglian		GRIMSBY GREAT COATES BRIDGE GS	Water Level	Stage	m	2.824	
2014-02-12T20:00:00Z	E27454	Anglian		GRIMSBY GREAT COATES BRIDGE GS	Water Level	Downstream Stage	m	2.240	
2014-02-12T20:15:00Z	067014	North West	SJ0695543312	Corwen	Water Level	Stage	m	1.638	
2014-02-12T20:15:00Z	067014_TG 120	EA Wales	SJ0690843324	Corwen No2 LVL	Water Level	Stage	m	1.638	
2014-02-12T20:15:00Z	2421TH	Thames	SU72016526	RIVER LODDON AT SHEEPBRIDGE FLUME	Water Level	Height	mASD	0.819	
2014-02-12T20:15:00Z	2421TH	Thames	SU72016526	RIVER LODDON AT SHEEPBRIDGE FLUME	Water Level	Stage	mASD	1.292	
2014-02-12T20:15:00Z	E27452	Anglian		GRIMSBY GREAT COATES BRIDGE GS	Water Level	Stage	m	2.820	
2014-02-12T20:15:00Z	E27454	Anglian		GRIMSBY GREAT COATES BRIDGE GS	Water Level	Downstream Stage	m	2.240	
2014-02-12T20:30:00Z	067014	North West	SJ0695543312	Corwen	Water Level	Stage	m	1.636	
2014-02-12T20:30:00Z	067014_TG 120	EA Wales	SJ0690843324	Corwen No2 LVL	Water Level	Stage	m	1.636	
2014-02-12T20:30:00Z	2421TH	Thames	SU72016526	RIVER LODDON AT SHEEPBRIDGE FLUME	Water Level	Height	mASD	0.819	
2014-02-12T20:30:00Z	2421TH	Thames	SU72016526	RIVER LODDON AT SHEEPBRIDGE FLUME	Water Level	Stage	mASD	1.294	
2014-02-12T20:30:00Z	E27452	Anglian		GRIMSBY GREAT COATES BRIDGE GS	Water Level	Stage	m	2.822	
2014-02-12T20:30:00Z	E27454	Anglian		GRIMSBY GREAT COATES BRIDGE GS	Water Level	Downstream Stage	m	2.240	
2014-02-12T20:45:00Z	067014	North West	SJ0695543312	Corwen	Water Level	Stage	m	1.649	
2014-02-12T20:45:00Z	067014_TG 120	EA Wales	SJ0690843324	Corwen No2 LVL	Water Level	Stage	m	1.649	
2014-02-12T20:45:00Z	2421TH	Thames	SU72016526	RIVER LODDON AT SHEEPBRIDGE FLUME	Water Level	Height	mASD	0.819	
2014-02-12T20:45:00Z	2421TH	Thames	SU72016526	RIVER LODDON AT SHEEPBRIDGE FLUME	Water Level	Stage	mASD	1.297	
2014-02-12T20:45:00Z	E27452	Anglian		GRIMSBY GREAT COATES BRIDGE GS	Water Level	Stage	m	2.826	
2014-02-12T20:45:00Z	E27454	Anglian		GRIMSBY GREAT COATES BRIDGE GS	Water Level	Downstream Stage	m	2.240	
2014-02-12T21:00:00Z	067014	North West	SJ0695543312	Corwen	Water Level	Stage	m	1.628	
2014-02-12T21:00:00Z	067014_TG 120	EA Wales	SJ0690843324	Corwen No2 LVL	Water Level	Stage	m	1.628	
2014-02-12T21:00:00Z	2421TH	Thames	SU72016526	RIVER LODDON AT SHEEPBRIDGE FLUME	Water Level	Height	mASD	0.818	
2014-02-12T21:00:00Z	2421TH	Thames	SU72016526	RIVER LODDON AT SHEEPBRIDGE FLUME	Water Level	Stage	mASD	1.302	
2014-02-12T21:00:00Z	3570	Midland	SK05864800	Cauldon Low RAIN	Rainfall	Tipping Bucket Raingauge	mm	0.0	
2014-02-12T21:00:00Z	3774	Midland	SE74930980	Dirtness Ps RAIN	Rainfall	Tipping Bucket Raingauge	mm	0.0	
2014-02-12T21:00:00Z	E27452	Anglian		GRIMSBY GREAT COATES BRIDGE GS	Water Level	Stage	m	2.820	
2014-02-12T21:00:00Z	E27454	Anglian		GRIMSBY GREAT COATES BRIDGE GS	Water Level	Downstream Stage	m	2.240	
2014-02-12T21:15:00Z	067014	North West	SJ0695543312	Corwen	Water Level	Stage	m	1.626	
2014-02-12T21:15:00Z	067014_TG 120	EA Wales	SJ0690843324	Corwen No2 LVL	Water Level	Stage	m	1.626	
2014-02-12T21:15:00Z	2421TH	Thames	SU72016526	RIVER LODDON AT SHEEPBRIDGE FLUME	Water Level	Height	mASD	0.819	
2014-02-12T21:15:00Z	2421TH	Thames	SU72016526	RIVER LODDON AT SHEEPBRIDGE FLUME	Water Level	Stage	mASD	1.305	
2014-02-12T21:15:00Z	E27452	Anglian		GRIMSBY GREAT COATES BRIDGE GS	Water Level	Stage	m	2.815	
2014-02-12T21:15:00Z	E27454	Anglian		GRIMSBY GREAT COATES BRIDGE GS	Water Level	Downstream Stage	m	2.240	
2014-02-12T21:30:00Z	067014	North West	SJ0695543312	Corwen	Water Level	Stage	m	1.619	
2014-02-12T21:30:00Z	067014_TG 120	EA Wales	SJ0690843324	Corwen No2 LVL	Water Level	Stage	m	1.619	
2014-02-12T21:30:00Z	2421TH	Thames	SU72016526	RIVER LODDON AT SHEEPBRIDGE FLUME	Water Level	Height	mASD	0.819	
2014-02-12T21:30:00Z	2421TH	Thames	SU72016526	RIVER LODDON AT SHEEPBRIDGE FLUME	Water Level	Stage	mASD	1.309	
2014-02-12T21:30:00Z	E27452	Anglian		GRIMSBY GREAT COATES BRIDGE GS	Water Level	Stage	m	2.825	
2014-02-12T21:30:00Z	E27454	Anglian		GRIMSBY GREAT COATES BRIDGE GS	Water Level	Downstream Stage	m	2.240	
2014-02-12T21:45:00Z	067014	North West	SJ0695543312	Corwen	Water Level	Stage	m	1.602	
2014-02-12T21:45:00Z	067014_TG 120	EA Wales	SJ0690843324	Corwen No2 LVL	Water Level	Stage	m	1.602	
2014-02-12T21:45:00Z	2421TH	Thames	SU72016526	RIVER LODDON AT SHEEPBRIDGE FLUME	Water Level	Height	mASD	0.819	
2014-02-12T21:45:00Z	2421TH	Thames	SU72016526	RIVER LODDON AT SHEEPBRIDGE FLUME	Water Level	Stage	mASD	1.312	
2014-02-12T21:45:00Z	E27452	Anglian		GRIMSBY GREAT COATES BRIDGE GS	Water Level	Stage	m	2.823	
2014-02-12T21:45:00Z	E27454	Anglian		GRIMSBY GREAT COATES BRIDGE GS	Water Level	Downstream Stage	m	2.240	
2014-02-12T22:00:00Z	067014	North West	SJ0695543312	Corwen	Water Level	Stage	m	1.597	
2014-02-12T22:00:00Z	067014_TG 120	EA Wales	SJ0690843324	Corwen No2 LVL	Water Level	Stage	m	1.597	
2014-02-12T22:00:00Z	2421TH	Thames	SU72016526	RIVER LODDON AT SHEEPBRIDGE FLUME	Water Level	Height	mASD	0.819	
2014-02-12T22:00:00Z	2421TH	Thames	SU72016526	RIVER LODDON AT SHEEPBRIDGE FLUME	Water Level	Stage	mASD	1.314	
2014-02-12T22:00:00Z	3570	Midland	SK05864800	Cauldon Low RAIN	Rainfall	Tipping Bucket Raingauge	mm	0.0	
2014-02-12T22:00:00Z	3774	Midland	SE74930980	Dirtness Ps RAIN	Rainfall	Tipping Bucket Raingauge	mm	0.0	
2014-02-12T22:00:00Z	E27452	Anglian		GRIMSBY GREAT COATES BRIDGE GS	Water Level	Stage	m	2.823	
2014-02-12T22:00:00Z	E27454	Anglian		GRIMSBY GREAT COATES BRIDGE GS	Water Level	Downstream Stage	m	2.240	
2014-02-12T22:15:00Z	067014	North West	SJ0695543312	Corwen	Water Level	Stage	m	1.591	
2014-02-12T22:15:00Z	067014_TG 120	EA Wales	SJ0690843324	Corwen No2 LVL	Water Level	Stage	m	1.591	
2014-02-12T22:15:00Z	2421TH	Thames	SU72016526	RIVER LODDON AT SHEEPBRIDGE FLUME	Water Level	Height	mASD	0.819	
2014-02-12T22:15:00Z	2421TH	Thames	SU72016526	RIVER LODDON AT SHEEPBRIDGE FLUME	Water Level	Stage	mASD	1.317	
2014-02-12T22:15:00Z	E27452	Anglian		GRIMSBY GREAT COATES BRIDGE GS	Water Level	Stage	m	2.826	
2014-02-12T22:15:00Z	E27454	Anglian		GRIMSBY GREAT COATES BRIDGE GS	Water Level	Downstream Stage	m	2.240	
2014-02-12T22:30:00Z	067014	North West	SJ0695543312	Corwen	Water Level	Stage	m	1.566	
2014-02-12T22:30:00Z	067014_TG 120	EA Wales	SJ0690843324	Corwen No2 LVL	Water Level	Stage	m	1.566	
2014-02-12T22:30:00Z	2421TH	Thames	SU72016526	RIVER LODDON AT SHEEPBRIDGE FLUME	Water Level	Height	mASD	0.818	
2014-02-12T22:30:00Z	2421TH	Thames	SU72016526	RIVER LODDON AT SHEEPBRIDGE FLUME	Water Level	Stage	mASD	1.321	
2014-02-12T22:30:00Z	E27452	Anglian		GRIMSBY GREAT COATES BRIDGE GS	Water Level	Stage	m	2.824	
2014-02-12T22:30:00Z	E27454	Anglian		GRIMSBY GREAT COATES BRIDGE GS	Water Level	Downstream Stage	m	2.240	
2014-02-12T22:45:00Z	067014	North West	SJ0695543312	Corwen	Water Level	Stage	m	1.553	
2014-02-12T22:45:00Z	067014_TG 120	EA Wales	SJ0690843324	Corwen No2 LVL	Water Level	Stage	m	1.553	
2014-02-12T22:45:00Z	2421TH	Thames	SU72016526	RIVER LODDON AT SHEEPBRIDGE FLUME	Water Level	Height	mASD	0.818	
2014-02-12T22:45:00Z	2421TH	Thames	SU72016526	RIVER LODDON AT SHEEPBRIDGE FLUME	Water Level	Stage	mASD	1.323	
2014-02-12T22:45:00Z	E27452	Anglian		GRIMSBY GREAT COATES BRIDGE GS	Water Level	Stage	m	2.826	
2014-02-12T22:45:00Z	E27454	Anglian		GRIMSBY GREAT COATES BRIDGE GS	Water Level	Downstream Stage	m	2.240	
2014-02-12T23:00:00Z	067014	North West	SJ0695543312	Corwen	Water Level	Stage	m	1.540	
2014-02-12T23:00:00Z	067014_TG 120	EA Wales	SJ0690843324	Corwen No2 LVL	Water Level	Stage	m	1.540	
2014-02-12T23:00:00Z	2421TH	Thames	SU72016526	RIVER LODDON AT SHEEPBRIDGE FLUME	Water Level	Height	mASD	0.819	
2014-02-12T23:00:00Z	2421TH	Thames	SU72016526	RIVER LODDON AT SHEEPBRIDGE FLUME	Water Level	Stage	mASD	1.325	
2014-02-12T23:00:00Z	3570	Midland	SK05864800	Cauldon Low RAIN	Rainfall	Tipping Bucket Raingauge	mm	0.0	
2014-02-12T23:00:00Z	3774	Midland	SE74930980	Dirtness Ps RAIN	Rainfall	Tipping Bucket Raingauge	mm	0.0	
2014-02-12T23:00:00Z	47158	South West	SX4295699216	HALWILL RG	Rainfall	Tipping Bucket Raingauge	mm	0.000	
2014-02-12T23:00:00Z	E27452	Anglian		GRIMSBY GREAT COATES BRIDGE GS	Water Level	Stage	m	2.823	
2014-02-12T23:00:00Z	E27454	Anglian		GRIMSBY GREAT COATES BRIDGE GS	Water Level	Downstream Stage	m	2.240	
2014-02-12T23:15:00Z	067014	North West	SJ0695543312	Corwen	Water Level	Stage	m	1.530	
2014-02-12T23:15:00Z	067014_TG 120	EA Wales	SJ0690843324	Corwen No2 LVL	Water Level	Stage	m	1.530	
2014-02-12T23:15:00Z	2421TH	Thames	SU72016526	RIVER LODDON AT SHEEPBRIDGE FLUME	Water Level	Height	mASD	0.817	
2014-02-12T23:15:00Z	2421TH	Thames	SU72016526	RIVER LODDON AT SHEEPBRIDGE FLUME	Water Level	Stage	mASD	1.328	
2014-02-12T23:15:00Z	47158	South West	SX4295699216	HALWILL RG	Rainfall	Tipping Bucket Raingauge	mm	0.000	
2014-02-12T23:15:00Z	E27452	Anglian		GRIMSBY GREAT COATES BRIDGE GS	Water Level	Stage	m	2.823	
2014-02-12T23:15:00Z	E27454	Anglian		GRIMSBY GREAT COATES BRIDGE GS	Water Level	Downstream Stage	m	2.240	
2014-02-12T23:30:00Z	067014	North West	SJ0695543312	Corwen	Water Level	Stage	m	1.501	
2014-02-12T23:30:00Z	067014_TG 120	EA Wales	SJ0690843324	Corwen No2 LVL	Water Level	Stage	m	1.501	
2014-02-12T23:30:00Z	2421TH	Thames	SU72016526	RIVER LODDON AT SHEEPBRIDGE FLUME	Water Level	Height	mASD	0.818	
2014-02-12T23:30:00Z	2421TH	Thames	SU72016526	RIVER LODDON AT SHEEPBRIDGE FLUME	Water Level	Stage	mASD	1.330	
2014-02-12T23:30:00Z	47158	South West	SX4295699216	HALWILL RG	Rainfall	Tipping Bucket Raingauge	mm	0.000	
2014-02-12T23:30:00Z	E27452	Anglian		GRIMSBY GREAT COATES BRIDGE GS	Water Level	Stage	m	2.824	
2014-02-12T23:30:00Z	E27454	Anglian		GRIMSBY GREAT COATES BRIDGE GS	Water Level	Downstream Stage	m	2.240	
2014-02-12T23:45:00Z	067014	North West	SJ0695543312	Corwen	Water Level	Stage	m	1.494	
2014-02-12T23:45:00Z	067014_TG 120	EA Wales	SJ0690843324	Corwen No2 LVL	Water Level	Stage	m	1.494	
2014-02-12T23:45:00Z	2421TH	Thames	SU72016526	RIVER LODDON AT SHEEPBRIDGE FLUME	Water Level	Height	mASD	0.819	
2014-02-12T23:45:00Z	2421TH	Thames	SU72016526	RIVER LODDON AT SHEEPBRIDGE FLUME	Water Level	Stage	mASD	1.332	
2014-02-12T23:45:00Z	47158	South West	SX4295699216	HALWILL RG	Rainfall	Tipping Bucket Raingauge	mm	0.000	
2014-02-12T23:45:00Z	E27452	Anglian		GRIMSBY GREAT COATES BRIDGE GS	Water Level	Stage	m	2.825	
2014-02-12T23:45:00Z	E27454	Anglian		GRIMSBY GREAT COATES BRIDGE GS	Water Level	Downstream Stage	m	2.240	
